{
  "best_val_action_mse": 0.17212289571762085,
  "test_metrics": {
    "loss": 0.1810080036520958,
    "action_mse": 0.17212289571762085,
    "action_mae": 0.3025255024433136,
    "action_rmse": 0.4148769645540963,
    "ade_m": 5.952245903015137,
    "fde_m": 11.498515319824218
  },
  "test_sample_metrics": {
    "num_samples": 5.0,
    "ade_mean_m": 5.602367401123047,
    "ade_median_m": 5.08648157119751,
    "fde_mean_m": 11.340341567993164,
    "fde_median_m": 10.18504810333252
  },
  "epochs": [
    {
      "epoch": 1,
      "train": {
        "loss": 0.30504462122917175,
        "action_mse": 0.33471803069114686,
        "action_mae": 0.454880690574646,
        "action_rmse": 0.5785482094788185,
        "ade_m": 8.796802711486816,
        "fde_m": 16.841749954223634
      },
      "val": {
        "loss": 0.1810080036520958,
        "action_mse": 0.17212289571762085,
        "action_mae": 0.3025255024433136,
        "action_rmse": 0.4148769645540963,
        "ade_m": 5.952245903015137,
        "fde_m": 11.498515319824218
      }
    }
  ]
}